機器番号,型式,製造番号,カテゴリ,簡易表示
DC-1402,WEP-5208,80,機器分類,WEP-5208
DC-2031,ZS-940P,2053,モニタ,ZS-940P
DC-2250,TRN-2100,63,モニタ,TRN-2100
DC-2396,ECG-1950,7,AED,ECG-1950
なし,PRM-1120,6,検査機器,PRM-1120
なし,AAA-30194,3,検査機器,AAA-30194
なし,PRM-3000,-,検査機器,PRM-3000
なし,ICS-3000,46221022,検査機器,ICS-3000
なし,ICS-3000,46222357,治療器救急関連機器,ICS-3000
なし,ICS-3000BJ,46230439,治療器救急関連機器,ICS-3000BJ
なし,ICS-3000BJ,46230440,治療器救急関連機器,ICS-3000BJ
なし,UBM-2000,M000823,治療器救急関連機器,UBM-2000
なし,TG-920P,-,検査機器,TG-920P
なし,TG-970P,3145,モニタ,TG-970P
なし,TG-970P,3146,モニタ,TG-970P
なし,HPF-0101,5120071,モニタ,HPF01
なし,HPF-0101,5120023,治療器救急関連機器,HPF01
なし,CPR-B,AJZ1,治療器救急関連機器,CPR-B
なし,CPR-B,AJZ2,治療器救急関連機器,CPR-B
なし,CPR-B,BYV,治療器救急関連機器,CPR-B
なし,CPR-B,1,治療器救急関連機器,CPR-B
なし,CPR-B,2,治療器救急関連機器,CPR-B
なし,CPR-B,3,治療器救急関連機器,CPR-B
なし,CPR-B,4,治療器救急関連機器,CPR-B
DC-3039,ZU-210R,95,治療器救急関連機器,ZU-210R
DC-2813,TRN-2150,41,その他,TRN-2150
DC-2814,TRN-2150,42,AED,TRN-2150
DC-2815,TRN-2150,43,AED,TRN-2150
DC-2816,TRN-2150,44,AED,TRN-2150
DC-2940,TRN-2150,366,AED,TRN-2150
DC-2941,TRN-2150,367,AED,TRN-2150
DC-2942,TRN-2150,368,AED,TRN-2150
DC-2943,TRN-2150,369,AED,TRN-2150
DC-2944,TRN-2150,370,AED,TRN-2150
DC-3255,MEK-6500,121,AED,MEK-6500
DC-3414,ZS-611P,75,検体,ZS-611P
DC-3523,ZT-210P,87,モニタ,ZT-210P
DC-3187,ZS-630P,2042,モニタ,ZS-630P
DC-3189,ZS-630P,2044,モニタ,ZS-630P
DC-3550,SEC-5104,7,モニタ,SEC-5104
DC-3562,SEC-5104,40,モニタ,SEC-5104
DC-4015,WEP-5208,1865,モニタ,WEP-5208
なし,CC-120B,234,モニタ,CC-120B
DC-3577,QI-600P,1642,検査機器,QI-600P
DC-3577,YS-096P2,DC-3577,モニタ,YS-096P2
なし,CC-942B,1248,モニタ,CC-942B
なし,NY-901B,2015,検査機器,NY-901B
なし,NY-902B,2356,検査機器,NY-902B
なし,ＮＹ-903Ｂ,2075,検査機器,ＮＹ-903Ｂ
なし,YE-103J,2230,検査機器,YE-103J
なし,LS-102J,2106,検査機器,LS-102J
なし,AWS-S200,D100038,検査機器,AWS-S200
なし,MSP-1100,D140008,WJ救急麻酔,MSP-1100
DC-4203,CRT-1000,30,その他,CRT-1000
DC-4252,TRN-2150,1888,システム,TRN-2150
なし,IMMUNO　AG1,116549,AED,IMMUNO　AG1
なし,ZT-210P,120,検査機器,ZT-210P
なし,ZT-210P,219,モニタ,ZT-210P
なし,ZT-210P,138,モニタ,ZT-210P
なし,ZT-210P,119,モニタ,ZT-210P
なし,ZT-210P,126,モニタ,ZT-210P
なし,ZT-210P,220,モニタ,ZT-210P
なし,ZT-210P,117,モニタ,ZT-210P
DC-4502,RMC-5000,10845,モニタ,RMC-5000
DC-4497,OptiPlex7020SFFCTO,8D65R42,検査機器,OptiPlex7020SFFCTO
DC-6902,Leonplus,0200010HUL21005576,検査機器,Leonplus
DC-6925,AX-301D,883,VG_麻酔器,AX-301D
DC-4750,AWS-S200,D100659,計測器,AWS-S200
なし,HAMILTON-H900,2399,WJ救急麻酔,HAMILTON-H900
なし,HAMILTON-H900,2402,人工呼吸器,HAMILTON-H900
DC-4799,TRN-3100,A02018,人工呼吸器,TRN-3100
DC-4800,TRN-3100,A02019,AED,TRN-3100
DC-4920,TRN-3100,38,AED,TRN-3100
DC-4921,TRN-3100,39,AED,TRN-3100
DC-4922,TRN-3100,40,AED,TRN-3100
DC-4924,TRN-3100,42,AED,TRN-3100
DC-4925,TRN-3100,43,AED,TRN-3100
DC-4926,TRN-3100,44,AED,TRN-3100
DC-4966,QP-550D,3,AED,QP-550D
DC-5002,CWS4000,200019-A,検査機器,CWS4000
DC-5108,MEE-2000,7,WJ救急麻酔,MEE-2000
DC-5132,EV2750-BK,45014066,検査機器,EV2750-BK
なし,CWS4000,200491-A,システム,CWS4000
DC-5167,AWS-S200,D101544,WJ救急麻酔,AWS-S200
DC-5168,AWS-S200,D101545,WJ救急麻酔,AWS-S200
DC-5169,AWS-S200,495,WJ救急麻酔,AWS-S200
DC-5170,AWS-S200,D101547,WJ救急麻酔,AWS-S200
なし,CWS4000,200534,WJ救急麻酔,CWS4000
なし,TRN-2100,14,WJ救急麻酔,TRN-2100
なし,CPR-B,5,AED,CPR-B
なし,CPR-B,6,AED,CPR-B
なし,CPR-B,7,AED,CPR-B
なし,CPR-B,8,AED,CPR-B
なし,CPR-C,1,AED,CPR-C
なし,KD-106D,1,AED,KD-106D
DC-5377,HFA-RPE3-NK,01L05097A,検査機器,HFA-RPE3-NK
なし,JA-694P,29,検査機器,JA-694P
なし,QP-551V,5926,モニタ,QP-551V
DC-5654,InterStim Ⅱ,NHF037894N,検査機器,InterStim Ⅱ
DC-5676,SAT-1200P,1711140231,WJニューロ,SAT-1200P
DC-5677,SAT-1200P,1711140232,WJ検査機器,SAT-1200P
DC-5694,SAT-1200B,1711100202,WJ検査機器,SAT-1200B
DC-5708,SAT-1200G,1711130115,WJ検査機器,SAT-1200G
なし,展示会セット,1,WJ検査機器,展示会セット
なし,展示会セット,2,その他,展示会セット
DC-5835,CSM-1502,64,その他,CSM-1502
DC-5885,MEK-1303,29,モニタ,MEK-1303
DC-5886,MEK-1303,39,検体,MEK-1303
DC-5887,MEK-1303,32,検体,MEK-1303
DC-5882,MEK-1303,43,検体,MEK-1303
DC-5884,MEK-1303,44,検体,MEK-1303
DC-5958,CSM-1502,241,検体,CSM-1502
DC-5959,CSM-1502,242,モニタ,CSM-1502
DC-5960,CSM-1502(CU-152R),243,モニタ,CSM-1502
DC-6014,CSM-1502,43,モニタ,CSM-1502
DC-6015,CSM-1502,44,モニタ,CSM-1502
DC-6042,OTX-TUP-C035J,9,モニタ,OTX-TUP-C035J
DC-6097,CWS5000,700052,検査機器,CWS5000
DC-6098,CWS5000,700053,WJ救急麻酔,CWS5000
DC-6099,CWS5000,700054,WJ救急麻酔,CWS5000
DC-6100,CWS5000,700055,WJ救急麻酔,CWS5000
DC-6136,CU-172R(CSM-1702),48,WJ救急麻酔,CU-172R
DC-6137,CU-172R(CSM-1702),49,モニタ,CU-172R
DC-6153,HBP-8000,GC000088AF,モニタ,HBP-8000
DC-6163,MEK-1303,362,検査機器,MEK-1303
DC-6165,MEK-1303,364,検体,MEK-1303
DC-6167,MEK-1303,366,検体,MEK-1303
DC-6169,MEK-1303,378,検体,MEK-1303
なし,TRN-3100,2542,検体,TRN-3100
なし,TRN-3100,2543,AED,TRN-3100
なし,TRN-3100,2544,AED,TRN-3100
なし,TRN-3100,2545,AED,TRN-3100
なし,TRN-3100,2546,AED,TRN-3100
DC-6195,WEC-7301,1989,AED,WEC-7301
DC-6233,AED-3150,156,モニタ,AED-3150
DC-6235,AED-3150,158,AED,AED-3150
DC-6248,AED-3151,108,AED,AED-3151
DC-6250,AED-3151,110,AED,AED-3151
DC-6277,CPR-A,DC-6277,AED,CPR-A
DC-6278,CPR-B,9,WJ救急麻酔,CPR-B
DC-6279,CPR-B,10,WJ救急麻酔,CPR-B
DC-6283,CPR-A,DC-6283,WJ救急麻酔,CPR-A
DC-6284,CPR-B,DC-6284,WJ救急麻酔,CPR-B
DC-6285,CPR-B,DC-6285,WJ救急麻酔,CPR-B
DC-6207,OTX-TUP-C035J,92,WJ救急麻酔,OTX-TUP-C035J
DC-6339,CWS5000,700393,検査機器,CWS5000
DC-6340,CWS5000,700394,WJ救急麻酔,CWS5000
DC-6341,CWS5000,700395,WJ救急麻酔,CWS5000
DC-6342,CWS5000,700396,WJ救急麻酔,CWS5000
DC-6374,PVM-4763-Q20,87,WJ救急麻酔,PVM-4763-Q20
DC-6375,PVM-4763-Q20,88,モニタ,PVM-4763-Q20
DC-6376,PVM-4763-Q20,89,モニタ,PVM-4763-Q20
DC-6377,PVM-4763-Q20,90,モニタ,PVM-4763-Q20
DC-6378,PVM-4763-Q20,91,モニタ,PVM-4763-Q20
DC-6418,TRN-3150,125,モニタ,TRN-3150
DC-6419,TRN-3150,126,AED,TRN-3150
DC-6420,TRN-3150,127,AED,TRN-3150
DC-6460,PVM-4763-Q20,120,AED,PVM-4763-Q20
DC-6461,PVM-4763-Q20,121,モニタ,PVM-4763-Q20
DC-6462,PVM-4763-Q20,122,モニタ,PVM-4763-Q20
DC-6463,PVM-4763-Q20,123,モニタ,PVM-4763-Q20
DC-6464,PVM-4763-Q20,124,モニタ,PVM-4763-Q20
なし,KC-470P,1,モニタ,KC-470P
なし,KC-470P,2,モニタ,KC-470P
なし,KC-470P,Y,モニタ,KC-470P
なし,KC-470P,R,モニタ,KC-470P
なし,KC-470P,M,モニタ,KC-470P
なし,KC-470P,Z,モニタ,KC-470P
なし,KC-470P,K,モニタ,KC-470P
なし,KC-470P,H,モニタ,KC-470P
なし,KC-470P,B,モニタ,KC-470P
なし,AF-101P,609,モニタ,AF-101P
DC-6499,PVM-4763-Q20,264,モニタ,PVM-4763-Q20
DC-6500,PVM-4763-Q20,265,モニタ,PVM-4763-Q20
DC-6544,MEK-1302,14,モニタ,MEK-1302
DC-6545,MEK-1302,15,検体,MEK-1302
DC-6546,MEK-1302,16,検体,MEK-1302
DC-6609,MEK-1302,82,検体,MEK-1302
DC-6610,MEK-1302,83,検体,MEK-1302
DC-4751,挿管ﾍｯﾄﾞ,11,検体,挿管ﾍｯﾄﾞ
DC-6621,GF-320R,52,検査機器,GF-320R
DC-6652,CCXS ｺｱｸﾞﾁｪｯｸXS,UP01615174,モニタ,CCXS ｺｱｸﾞﾁｪｯｸXS
DC-6653,CCXS ｺｱｸﾞﾁｪｯｸXS,UP01615181,WJ検査機器,CCXS ｺｱｸﾞﾁｪｯｸXS
DC-6711,WEP-1450-Z06,96,WJ検査機器,WEP-1450-Z06
DC-6712,WEP-1450-Z06,97,モニタ,WEP-1450-Z06
DC-6713,WEP-1450-Z06,98,モニタ,WEP-1450-Z06
DC-6714,WEP-1450-Z06,99,モニタ,WEP-1450-Z06
DC-6715,WEP-1450-Z06,100,モニタ,WEP-1450-Z06
DC-6717,WEP-1450-Z06,102,モニタ,WEP-1450-Z06
DC-6944,ZS-600P,127,モニタ,ZS-600P
DC-6945,ZS-600P,128,モニタ,ZS-600P
DC-6946,ZS-600P,129,モニタ,ZS-600P
DC-6991,JD-214E,24,モニタ,JD-214E
なし,KC-140P,1,検査機器,KC-140P
なし,KC-140P,2,モニタ,KC-140P
なし,KC-140P,3,モニタ,KC-140P
DC-6974,TRN-3150,333,モニタ,TRN-3150
DC-6975,TRN-3150,334,AED,TRN-3150
DC-6976,TRN-3150,335,AED,TRN-3150
DC-6977,TRN-3150,336,AED,TRN-3150
DC-7011,EMS-1052,53,AED,EMS-1052
DC-7036,CCPRO2,TZ1121256,治療器救急関連機器,CCPRO2
DC-7024,GF-320R,100,WJ検査機器,GF-320R
なし,MPG-3650,12053821,モニタ,MPG-3650
なし,MPG-3650,12049228,WJ検査機器,MPG-3650
なし,MPG-3650,12049346,WJ検査機器,MPG-3650
なし,MPG-3650,12048531,WJ検査機器,MPG-3650
なし,MPG-3650,12049286,WJ検査機器,MPG-3650
なし,MPG-3650,12053576,WJ検査機器,MPG-3650
なし,MPG-3650,12051946,WJ検査機器,MPG-3650
なし,MPG-3650,12053618,WJ検査機器,MPG-3650
なし,MPG-3650,12054849,WJ検査機器,MPG-3650
なし,MPG-3650,12054879,WJ検査機器,MPG-3650
なし,MPG-3650,31993,WJ検査機器,MPG-3650
なし,MPG-3650,32097,WJ検査機器,MPG-3650
DC-7055,ECG-3150,86,WJ検査機器,ECG-3150
DC-7056,ECG-3150,87,検査機器,ECG-3150
DC-7077,AF-201P,140,検査機器,AF-201P
DC-7078,AF-201P,141,モニタ,AF-201P
なし,AF-201P,155,モニタ,AF-201P
なし,CU-172R(CSM-1702),528,モニタ,CU-172R
DC-7124,HBP-8000用PC&ﾌﾟﾘﾝﾀ,DEMO-14,モニタ,HBP-8000用PC&ﾌﾟﾘﾝﾀ
なし,KC-600P,1,WJ検査機器,KC-600P
DC-7140,EMS-1052,166,その他,EMS-1052
DC-7153,HAMILTON-C6,3127,治療器救急関連機器,HAMILTON-C6
DC-7175,HAMILTON-C6,3465,人工呼吸器,HAMILTON-C6
DC-7190,PLS-1100,187,人工呼吸器,PLS-1100
DC-7192,PLS-1100,189,AED,PLS-1100
DC-7193,PLS-1100,190,AED,PLS-1100
なし,JA-694P,2024,AED,JA-694P
DC-7218,4272G2001,4.27211424e+14,その他,4272G2001
DC-7247,PLS-1100,234,検査機器,PLS-1100
DC-7250,PLS-1100,237,AED,PLS-1100
DC-7251,PLS-1100,238,AED,PLS-1100
DC-7252,PLS-1100,239,AED,PLS-1100
DC-7253,PLS-1100,240,AED,PLS-1100
DC-7290,CHM-4100,2797,AED,CHM-4100
DC-7310,WEP-1200-Z03,59,検体,WEP-1200-Z03
DC-7312,WEP-1200-Z03,61,モニタ,WEP-1200-Z03
DC-7313,WEP-1200-Z03,62,モニタ,WEP-1200-Z03
DC-7338,HBP-8000,GC000277AF,モニタ,HBP-8000
DC-7351,HBP-8000用PC,DEMO-27,WJ検査機器,HBP-8000用PC
DC-7366,VA-201R,16,WJ検査機器,VA-201R
DC-7391,ECG-3350,20,モニタ,ECG-3350
DC-7392,ECG-3350,21,検査機器,ECG-3350
なし,CPR-B,A,検査機器,CPR-B
なし,CPR-B,B,AED,CPR-B
なし,CPR-B,C,AED,CPR-B
なし,CPR-B,D,AED,CPR-B
なし,CPR-B,E,AED,CPR-B
なし,CPR-B,F,AED,CPR-B
DC-7431,AF-201P,960,AED,AF-201P
DC-7431,VA-201R,53,モニタ,VA-201R
なし,KD-108D,1,モニタ,KD-108D
なし,KD-108D,2,その他,KD-108D
なし,KC-600P,2,その他,KC-600P
なし,X216,170367,その他,X216
なし,X216,170368,AED,X216
なし,X217,362469,AED,X217
なし,X217,362470,AED,X217
なし,X217,362471,AED,X217
なし,X217,362472,AED,X217
なし,X217,362473,AED,X217
なし,X217,362474,AED,X217
なし,SB-310V,340388,AED,SB-310V
なし,SB-310V,340389,AED,SB-310V
なし,SB-310V,340390,AED,SB-310V
なし,SB-310V,340391,AED,SB-310V
なし,SB-310V,340392,AED,SB-310V
なし,SB-310V,340393,AED,SB-310V
なし,H333,31099C　①,AED,H333
なし,H333,31099C　②,AED,H333
なし,P-740,81179D　①,AED,P-740
なし,P-740,81179D　②,AED,P-740
なし,P-740,81179D　③,AED,P-740
なし,P-740,81179D　④,AED,P-740
なし,P-740,81179D　⑤,AED,P-740
なし,P-740,81179D　⑥,AED,P-740
なし,MEK-1302,180,AED,MEK-1302
DC-7463,HAMILTON-H900,33460,検体,HAMILTON-H900
DC-7464,HAMILTON-H900,33462,人工呼吸器,HAMILTON-H900
なし,YC-220D,-,人工呼吸器,YC-220D
なし,DH-223P,948869,計測器,DH-223P
DC-7483,GAIA(VJPH221),4595927,モニタ,GAIA
DC-7495,MR850,2006630445456,システム,MR850
DC-7510,CHM-4100,3383,VG_加湿器,CHM-4100
DC-7511,CHM-4100,3384,検体,CHM-4100
なし,モニタセット 1,1,検体,モニタセット
なし,モニタセット 2,2,モニタ,モニタセット
なし,モニタセット 3,3,モニタ,モニタセット
なし,モニタセット 4,4,モニタ,モニタセット
なし,モニタセット 5,5,モニタ,モニタセット
なし,モニタセット 6,6,モニタ,モニタセット
なし,TL-201T,-,モニタ,TL-201T
なし,心電計セット,1,モニタ,心電計セット
なし,心電計セット,2,検査機器,心電計セット
なし,心電計セット,3,検査機器,心電計セット
なし,心電計セット,4,検査機器,心電計セット
なし,KD-561V,-,検査機器,KD-561V
DC-7528,CNS-2101,51,治療器救急関連機器,CNS-2101
なし,IF-966P,168,モニタ,IF-966P
DC-7547,CNS-2101,75,モニタ,CNS-2101
DC-7548,CNS-2101,76,モニタ,CNS-2101
DC-7528,VL-238R,13,モニタ,VL-238R
DC-7568,AED-3250,93,モニタ,AED-3250
DC-7569,AED-3250,94,AED,AED-3250
なし,QP-551D,22,AED,QP-551D
DC-7592,HAMILTON-T1/H,20401,検査機器,HAMILTON-T1/H
DC-7608,HAMILTON-C1,36201,人工呼吸器,HAMILTON-C1
DC-7609,HAMILTON-C1,36085,人工呼吸器,HAMILTON-C1
なし,K943A(JL-632P),-,人工呼吸器,K943A
なし,KC-150P,1,モニタ,KC-150P
なし,KC-150P,2,モニタ,KC-150P
なし,KC-150P,-,モニタ,KC-150P
なし,VA-201R,43,モニタ,VA-201R
なし,JL-500P2(Y094A),3863,モニタ,JL-500P2
DC-7630,ECG-3250,14,モニタ,ECG-3250
DC-7631,ECG-3250,15,検査機器,ECG-3250
なし,リトルアン,1,検査機器,リトルアン
なし,リトルアン,2,AED,リトルアン
なし,リトルアン,3,AED,リトルアン
なし,リトルアン,4,AED,リトルアン
なし,リトルアン,5,AED,リトルアン
なし,リトルアン,6,AED,リトルアン
なし,リトルアン,7,AED,リトルアン
なし,リトルアン,8,AED,リトルアン
なし,Y849B,1,AED,Y849B
なし,Y059I,108340,検査機器,Y059I
なし,P256,32136,検査機器,P256
DC-7649,OLV-4202,87,検査機器,OLV-4202
DC-7653,WEC-7201,24097,モニタ,WEC-7201
なし,QS-051D,283,モニタ,QS-051D
なし,QS-050D,93,検査機器,QS-050D
なし,9000-067768,①,検査機器,9000-067768
なし,9000-067768,②,検査機器,9000-067768
なし,JL-430U(K939B),909242,検査機器,JL-430U
DC-5835,AY-663P(CSM-1502_64),24188,モニタ,AY-663P
なし,YJ-331Z,LY1,モニタ,YJ-331Z
なし,YJ-332Z,404607450,人工呼吸器,YJ-332Z
なし,IF-917P,00145,人工呼吸器,IF-917P
なし,IF-917P,00316,人工呼吸器,IF-917P
DC-7715,JD-214E,56,人工呼吸器,JD-214E
DC-7729,ECG-3250,372,検査機器,ECG-3250
なし,6143902766,なし,検査機器,6143902766
DC-7742,YJ-333Z,lot.404865082,検査機器,YJ-333Z
DC-7758,IF-966P,14,人工呼吸器,IF-966P
DC-7759,IF-966P,15,人工呼吸器,IF-966P
なし,ICS-3000,46233988,人工呼吸器,ICS-3000
なし,S905A(YN-925P),なし,治療器救急関連機器,S905A
DC-7793,VJPH221(PRM-4000),4557129,モニタ,VJPH221
DC-7794,VJPH221(PRM-4000),4557133,検査機器,VJPH221
DC-7769,WEP-1450-Z06,1677,検査機器,WEP-1450-Z06
DC-7770,TEC-5631,6677,モニタ,TEC-5631
DC-7771,MEK-1302,453,治療器救急関連機器,MEK-1302
DC-7772,MEK-1303,2183,検体,MEK-1303
DC-7773,MEK-1303,2184,検体,MEK-1303
なし,TEC-5631,6389,検体,TEC-5631
なし,KD-561V,なし,治療器救急関連機器,KD-561V
DC-7834,ECG-3350,1294,治療器救急関連機器,ECG-3350
なし,MPG-3650,12049144,検査機器,MPG-3650
なし,MPG-3650,12049425,WJ循環器CRM,MPG-3650
なし,MPG-3650,12049192,WJ循環器CRM,MPG-3650
なし,MPG-3650,31609,WJ循環器CRM,MPG-3650
なし,MPG-3650,32080,WJ循環器CRM,MPG-3650
なし,MPG-3650,12051960,WJ循環器CRM,MPG-3650
なし,MPG-3650,12049227,WJ循環器CRM,MPG-3650
なし,MPG-3650,32066,WJ循環器CRM,MPG-3650
なし,MPG-3650,32142,WJ循環器CRM,MPG-3650
なし,MPG-3650,12053579,WJ循環器CRM,MPG-3650
なし,MPG-3650,12054612,WJ循環器CRM,MPG-3650
なし,MPG-3650,12054616,WJ循環器CRM,MPG-3650
なし,MPG-3650,12054766,WJ循環器CRM,MPG-3650
なし,MPG-3650,12048405,WJ循環器CRM,MPG-3650
なし,MPG-3650,12053836,WJ循環器CRM,MPG-3650
なし,MPG-3650,32069,WJ循環器CRM,MPG-3650
なし,MPG-3650,12060841,WJ循環器CRM,MPG-3650
なし,MPG-3650,12060886,WJ循環器CRM,MPG-3650
なし,MPG-3650,12053835,WJ循環器CRM,MPG-3650
なし,MPG-3650,12061711,WJ循環器CRM,MPG-3650
なし,MPG-3650,32093,WJ循環器CRM,MPG-3650
DC-7109,KC-330Z,27,WJ循環器CRM,KC-330Z
DC-7109,KH-330Z,39,人工呼吸器,KH-330Z
DC-7109,YS-120P0,なし,人工呼吸器,YS-120P0
DC-7109,DH-331Z,なし,人工呼吸器,DH-331Z
DC-7875,KD-105D-01,DC-7875,人工呼吸器,KD-105D
DC-7891,MEM-8301,572,検査機器,MEM-8301
DC-7892,MEM-8301,573,検査機器,MEM-8301
DC-7905,RAC-5103,4728,検査機器,RAC-5103
DC-7939,ZS-630P,111704,検査機器,ZS-630P
DC-7977,TG-940P,73,モニタ,TG-940P
DC-7978,TG-940P,74,モニタ,TG-940P
DC-7994,TG-980P2,23,モニタ,TG-980P2
DC-8012,HAMILTON-H900,39394,モニタ,HAMILTON-H900
DC-8013,HAMILTON-H900,39395,人工呼吸器,HAMILTON-H900
DC-8030,INTELLICUFF,13566,人工呼吸器,INTELLICUFF
DC-8031,INTELLICUFF,13567,人工呼吸器,INTELLICUFF
DC-8045,K901,DC-8045,人工呼吸器,K901
DC-8056,IF-917P,1350,検査機器,IF-917P
DC-8067,IF-920P,1636,モニタ,IF-920P
DC-8078,IF-930P,1655,モニタ,IF-930P
DC-8089,IF-932P,296,モニタ,IF-932P
DC-8100,IF-948P,1707,モニタ,IF-948P
DC-8111,IF-950P,426,モニタ,IF-950P
なし,BR-993P,なし,モニタ,BR-993P
なし,YS-095P6,0001622537,モニタ,YS-095P6
なし,YS-096P6,0001622537 ②,モニタ,YS-096P6
なし,モニタセット７,7,モニタ,モニタセット
なし,モニタセット８,8,モニタ,モニタセット
なし,モニタセット９,9,モニタ,モニタセット
なし,モニタセット１０,10,モニタ,モニタセット
なし,モニタセットOPV用,11,モニタ,モニタセット
なし,モニタセットOPV用,12,モニタ,モニタセット
なし,モニタセットOPV用,13,モニタ,モニタセット
なし,動物用モニタセット１,1,モニタ,動物用モニタセット
なし,動物用モニタセット２,2,モニタ,動物用モニタセット
なし,心電計セット,5,モニタ,心電計セット
なし,小児用心電図電極セット１,1,検査機器,小児用心電図電極セット
なし,小児用心電図電極セット２,2,検査機器,小児用心電図電極セット
なし,動物用心電計電極キット,なし,検査機器,動物用心電計電極キット
なし,KH-210D,492332,検査機器,KH-210D
なし,KH-220D,1591400,検査機器,KH-220D
なし,AMPERE-RFG,15594812,検査機器,AMPERE-RFG
なし,AMPERE-GRC,15498658,WJ循環器AF,AMPERE-GRC
なし,TACTI-SYS,36613,WJ循環器AF,TACTI-SYS
なし,TACTI-SYS,35528,WJ循環器AF,TACTI-SYS
なし,TACTI-SYS,33434,WJ循環器AF,TACTI-SYS
なし,ST-MULTI,F110280563,WJ循環器AF,ST-MULTI
なし,TACTI-SYS,34960,WJ循環器AF,TACTI-SYS
なし,89013,18800215,WJ循環器AF,89013
なし,AMPERE-RFG,18754465,WJ循環器AF,AMPERE-RFG
なし,AMPERE-GRC,18719693,WJ循環器AF,AMPERE-GRC
なし,TACTI-SYS,35019,WJ循環器AF,TACTI-SYS
なし,TACTI-SYS,35791,WJ循環器AF,TACTI-SYS
DC-8147,AX-510B,19,WJ循環器AF,AX-510B
DC-8181,WEP-1650-Z08,35,検査機器,WEP-1650-Z08
DC-8182,WEP-1650-Z08,36,モニタ,WEP-1650-Z08
DC-8183,WEP-1650-Z08,37,モニタ,WEP-1650-Z08
DC-8184,WEP-1650-Z08,38,モニタ,WEP-1650-Z08
なし,MR850,220203009426,モニタ,MR850
DC-3733,DTK-2241/Medical,3GDQ000179,人工呼吸器,DTK-2241/Medical
DC-8229,Y251A,DC-8229,システム,Y251A
DC-8230,Y251A,DC-8230,AED,Y251A
DC-8277,AX-301D-01,20029,AED,AX-301D
DC-8284,EEG-1290-NE,10001,検査機器,EEG-1290-NE
なし,TT-410T,33083,検査機器,TT-410T
なし,TT-411T,33065,モニタ,TT-411T
なし,TT-481T,33037,モニタ,TT-481T
なし,TT-480T,33037,モニタ,TT-480T
DC-8298,SAT-1200BN,2307240007,モニタ,SAT-1200BN
なし,KC-170P,なし,WJ検査機器,KC-170P
なし,BSM-WEP用アダプタ　75×75,なし,モニタ,BSM-WEP用アダプタ　75×75
なし,AX-410G,0339553,モニタ,AX-410G
DC-5835,QM-600P(CSM-1502_64),25133,治具,QM-600P
DC-5835,WS-151P(CSM-1502_64),92,モニタ,WS-151P
DC-5835,QM-150P(CSM-1502_64),37,モニタ,QM-150P
DC-5835,QI-151P(CSM-1502_64),86,モニタ,QI-151P
DC-5835,QI-152P(CSM-1502_64),60,モニタ,QI-152P
DC-6136,YS-118P1,DC-6136,モニタ,YS-118P1
DC-6136,YS-118P8,DC-6136,モニタ,YS-118P8
DC-6136,DM-150P,DC-6136,モニタ,DM-150P
DC-6163,QL-130W(MEK-1303_362),112,モニタ,QL-130W
DC-6137,YS-118P1,DC-6137,検体,YS-118P1
DC-6137,YS-118P8,DC-6137,モニタ,YS-118P8
DC-6137,DM-150P,DC-6137,モニタ,DM-150P
DC-6137,SB-970P,DC-6137,モニタ,SB-970P
なし,SB-220V,25691,モニタ,SB-220V
DC-6248,CPR-1100,511,AED,CPR-1100
DC-6374,QI-470P,34,AED,QI-470P
DC-6461,QI-470P,80,モニタ,QI-470P
DC-6462,QI-470P,81,モニタ,QI-470P
DC-6499,QI-470P,197,モニタ,QI-470P
DC-6500,QI-470P,198,モニタ,QI-470P
DC-6709,WS-140P,123,モニタ,WS-140P
DC-6710,WS-140P,124,モニタ,WS-140P
DC-6711,WS-140P,125,モニタ,WS-140P
DC-6712,WS-140P,126,モニタ,WS-140P
DC-6944,QP-601P,55,モニタ,QP-601P
DC-6945,QP-601P,56,モニタ,QP-601P
DC-6946,QP-601P,57,モニタ,QP-601P
DC-7011,SC-101V,8,モニタ,SC-101V
なし,YJ-330Z,405822710,治療器救急関連機器,YJ-330Z
DC-7091,DC-960B,23,人工呼吸器,DC-960B
DC-7091,JB-964B,98,検査機器,JB-964B
DC-7091,GG-962B,28,検査機器,GG-962B
DC-7091,SC-900B,59,検査機器,SC-900B
DC-7091,WJ-120B,714,検査機器,WJ-120B
DC-7091,RY-960B,144,検査機器,RY-960B
DC-7091,NY-902B,2088,検査機器,NY-902B
DC-7091,NY-903B,1865,検査機器,NY-903B
DC-7140,SC-101V,30,検査機器,SC-101V
DC-7310,ZA-024P,18,治療器救急関連機器,ZA4P
DC-7391,QP-330D,24,モニタ,QP-330D
DC-7528,WS-140P,2596,検査機器,WS-140P
DC-7547,WS-140P,2653,モニタ,WS-140P
DC-7548,WS-140P,2654,モニタ,WS-140P
DC-7630,YC-320D,DC-7630,モニタ,YC-320D
DC-7631,YC-320D,DC-7631,検査機器,YC-320D
なし,SB-220V (X233),27471,検査機器,SB-220V
なし,SB-220V (X233),27472,治療器救急関連機器,SB-220V
DC-8375,AED-M100トレーニングユニット,65,治療器救急関連機器,AED-M100トレーニングユニット
DC-8376,AED-M100トレーニングユニット,66,AED,AED-M100トレーニングユニット
DC-8377,AED-M100トレーニングユニット,67,AED,AED-M100トレーニングユニット
なし,IF-917P,2021,AED,IF-917P
DC-8353,ARV058(MS-3000),SSS000062,人工呼吸器,ARV058
なし,KC-120P,なし,WJ検査機器,KC-120P
DC-8532,ZS-630P,118714,モニタ,ZS-630P
DC-8533,ZS-630P,118715,モニタ,ZS-630P
DC-8534,ZS-630P,118716,モニタ,ZS-630P
DC-8535,ZS-630P,118717,モニタ,ZS-630P
DC-8536,ZS-630P,118718,モニタ,ZS-630P
DC-8537,ZS-630P,118720,モニタ,ZS-630P
DC-8538,ZS-630P,118721,モニタ,ZS-630P
DC-8539,ZS-630P,118722,モニタ,ZS-630P
DC-8540,ZS-630P,118723,モニタ,ZS-630P
DC-8421,TT101,DC-8421,モニタ,TT101
DC-8422,TT101,DC-8422,WJ救急麻酔,TT101
DC-8797,TG-980P2,162,WJ救急麻酔,TG-980P2
DC-8798,TG-980P2,163,モニタ,TG-980P2
DC-8402,RMU-N2000,502000932,モニタ,RMU-N2000
DC-8786,KC-170P,DC-8786,WJ救急麻酔,KC-170P
DC-8788,SAT-2200N,2311210065,検査機器,SAT-2200N
DC-8789,ZS-610P,13590,検査機器,ZS-610P
DC-8791,AED-2151,4746,モニタ,AED-2151
DC-8792,AED-3100NX,319379,AED,AED-3100
DC-8793,OLG-3800,593,AED,OLG-3800
DC-8794,TG-980P2,158,モニタ,TG-980P2
DC-8795,TG-980P2,159,モニタ,TG-980P2
DC-8796,TG-980P2,160,モニタ,TG-980P2
DC-8811,ZS-620P,6904,モニタ,ZS-620P
DC-8812,ZS-620P,6905,モニタ,ZS-620P
DC-8813,ZS-620P,6906,モニタ,ZS-620P
DC-8814,ZS-620P,6907,モニタ,ZS-620P
DC-8815,ZS-620P,6908,モニタ,ZS-620P
DC-8816,ZS-620P,6909,モニタ,ZS-620P
DC-8817,ZS-620P,6910,モニタ,ZS-620P
DC-9056,CHM-4100,4666,モニタ,CHM-4100
DC-9057,CHM-4100,4667,検体,CHM-4100
DC-9121,ECG-2450,4476,検体,ECG-2450
DC-9122,ECG-2450,4478,検査機器,ECG-2450
DC-9125,NKV-330,1618,検査機器,NKV-330
DC-9126,NKV-330,1619,人工呼吸器,NKV-330
DC-9129,TEC-2603,2788,人工呼吸器,TEC-2603
DC-9130,AE-120A,575,治療器救急関連機器,AE-120A
DC-9132,GZ-140P,451,治療器救急関連機器,GZ-140P
DC-9242,AF-201P,3363,モニタ,AF-201P
DC-9242,VA-201R,574,モニタ,VA-201R
DC-9243,AF-201P,3345,モニタ,AF-201P
DC-9243,VA-201R,575,モニタ,VA-201R
DC-9244,GZ-130P,1522,モニタ,GZ-130P
DC-9245,GZ-130P,1523,モニタ,GZ-130P
DC-9246,GZ-130P,1524,モニタ,GZ-130P
DC-9247,GZ-130P,1525,モニタ,GZ-130P
DC-9248,OLG-3800,602,モニタ,OLG-3800
DC-9249,OLV-4201,2431,モニタ,OLV-4201
DC-9250,OLV-4201,2432,モニタ,OLV-4201
DC-9251,TRN-3100,7949,モニタ,TRN-3100
DC-9252,TRN-3100,7950,AED,TRN-3100
DC-9253,TRN-3100,7951,AED,TRN-3100
DC-9254,TRN-3100,7909,AED,TRN-3100
DC-9255,TRN-3100,7910,AED,TRN-3100
DC-9256,TRN-3100,7911,AED,TRN-3100
DC-9257,ZS-600P,13924,AED,ZS-600P
DC-9258,ZS-600P,13925,モニタ,ZS-600P
DC-9259,ZS-600P,13903,モニタ,ZS-600P
なし,K939B,909242,モニタ,K939B
なし,K930,212026,モニタ,K930
JC-0007,Blackmagic Desing,11874825,モニタ,Blackmagic Desing
なし,ARV057,BT2311,その他,ARV057
なし,ARV01,なし,検査機器,ARV01
DC-8830,ZT-210P,6620,検査機器,ZT-210P
DC-9415,TT101,DC-9415,モニタ,TT101
DC-9416,TT101,DC-9416,WJ救急麻酔,TT101
DC-9417,TT101,DC-9417,WJ救急麻酔,TT101
DC-9418,TT101,DC-9418,WJ救急麻酔,TT101
DC-9419,TT101,DC-9419,WJ救急麻酔,TT101
DC-9420,TT101,DC-9420,WJ救急麻酔,TT101
DC-9421,TT101,DC-9421,WJ救急麻酔,TT101
DC-9422,TT101,DC-9422,WJ救急麻酔,TT101
DC-8339,ECS-3D,436,WJ救急麻酔,ECS-3D
DC-9123,ECG-2550-01,20407,検査機器,ECG-2550
DC-9124,ECG-2550-01,20409,検査機器,ECG-2550
DC-9131,BSM-3562-Q91,6996,検査機器,BSM-3562-Q91
なし,91-0127-04 (04582350611656),L/N  42/2023,モニタ,9127-04
なし,98-0061-25 (04582350611670),L/N  53/2023,その他,98-0061-25
DC-9469,MR850,230721624108,その他,MR850
DC-9470,MR850,230721624115,人工呼吸器,MR850
なし,JC-933P,LOT 405913334,人工呼吸器,JC-933P
DC-8804,WEC-7301,21140,モニタ,WEC-7301
DC-9371,MER3700PCS,13003156,モニタ,MER3700PCS
DC-7729,YC-320D,DC-7729,WJ循環器CRM,YC-320D
DC-7391,YC-330D,DC-7391/②,検査機器,YC-330D
DC-8819,ZS-640P,6849,検査機器,ZS-640P
DC-8820,ZS-640P,6850,モニタ,ZS-640P
DC-8821,ZS-640P,6851,モニタ,ZS-640P
DC-8822,ZS-640P,6852,モニタ,ZS-640P
DC-8823,ZS-640P,6853,モニタ,ZS-640P
DC-8824,ZS-640P,6854,モニタ,ZS-640P
DC-8825,ZS-640P,6855,モニタ,ZS-640P
DC-8826,ZS-640P,6856,モニタ,ZS-640P
DC-8827,ZS-640P,6857,モニタ,ZS-640P
DC-9486,MEB-2300(DC-230B-NEO),10055,モニタ,MEB-2300
なし,OTX-TUP-CO35J,1902250037,検査機器,OTX-TUP-CO35J
なし,AE-920P,66,検査機器,AE-920P
DC-9475,HAMILTON-C6,7428,検査機器,HAMILTON-C6
DC-9565,TEC-1031-QI,92,人工呼吸器,TEC-1031-QI
DC-9566,TEC-1031-QI,93,治療器救急関連機器,TEC-1031-QI
DC-9567,TEC-1031-QI,94,治療器救急関連機器,TEC-1031-QI
DC-9568,TEC-1031-QI,95,治療器救急関連機器,TEC-1031-QI
DC-9133,MEK-7300,1609,治療器救急関連機器,MEK-7300
DC-9567,KD-101V,DC-9567,検体,KD-101V
DC-8805,ZS-611P,2847,治療器救急関連機器,ZS-611P
DC-8806,ZS-611P,2848,モニタ,ZS-611P
DC-9649,RAC-5103,5982,モニタ,RAC-5103
DC-9650,RAC-5103,5983,検査機器,RAC-5103
DC-9651,RAC-5103,5984,検査機器,RAC-5103
DC-9652,RAC-5203,1388,検査機器,RAC-5203
DC-9676,BSM-5762,61,検査機器,BSM-5762
DC-9677,BSM-5762,62,モニタ,BSM-5762
DC-9678,BSM-5762,63,モニタ,BSM-5762
DC-7700,EEG-1260-NE,10009,モニタ,EEG-1260-NE
DC-9696,QP-550D,958,検査機器,QP-550D
なし,P225G,111741,検査機器,P225G
なし,P311C,28844,モニタ,P311C
DC-9728,MDL_Armadillo,00BF00560092,モニタ,MDL_Armadillo
DC-9754,BSM-5762,94,その他,BSM-5762
DC-9755,BSM-5762,95,モニタ,BSM-5762
なし,QP-997P,00485,モニタ,QP-997P
DC-9877,ORG-2100-Z08,1191,人工呼吸器,ORG-2100-Z08
DC-9878,ORG-2100-Z08,1192,モニタ,ORG-2100-Z08
DC-9879,NKV-330,1789,モニタ,NKV-330
DC-9880,DSC-5500,310,人工呼吸器,DSC-5500
DC-9934,QP-551D,686,検査機器,QP-551D
DC-9983,BSM-1763,23462,検査機器,BSM-1763
DC-9984,BSM-1763,23463,モニタ,BSM-1763
DC-9985,BSM-1763,23464,モニタ,BSM-1763
DC-9986,BSM-1763,23465,モニタ,BSM-1763
DC-9987,BSM-1763,23466,モニタ,BSM-1763
DC-9988,BSM-1763,23467,モニタ,BSM-1763
DC-9989,BSM-1763,23468,モニタ,BSM-1763
DC-9990,ECG-2450,5027,モニタ,ECG-2450
DC-9991,ECG-2450,5028,検査機器,ECG-2450
DC-9992,ECG-2550-01,20623,検査機器,ECG-2550
DC-9993,ORG-9100-Z24,9676,検査機器,ORG-9100-Z24
DC-9994,AED-3100,365146,検査機器,AED-3100
DC-10013,RMC-5000M,15,治療器救急関連機器,RMC-5000M
DC-10013,MU-500G,16,検査機器,MU-500G
DC-10025,JB-530G,13,検査機器,JB-530G
DC-9933,QP-551D,685,検査機器,QP-551D
なし,HAMILTON-C1/W,43214,検査機器,HAMILTON-C1/W
DC-10048,B10NMAT#ABJ,JPH450XVJT,人工呼吸器,B10NMAT#ABJ
DC-10232,Soft ON,59,システム,Soft ON
DC-10233,Soft ON,60,治具,Soft ON
DC-10234,Soft ON,61,治具,Soft ON
DC-10235,Soft ON,62,治具,Soft ON
DC-10236,Soft ON,63,治具,Soft ON
DC-10237,Soft ON,64,治具,Soft ON
DC-10238,Soft ON,65,治具,Soft ON
DC-10239,Soft ON,66,治具,Soft ON
DC-10240,Soft ON,67,治具,Soft ON
DC-10241,Soft ON,68,治具,Soft ON
DC-10242,Soft ON,69,治具,Soft ON
DC-10243,Soft ON,70,治具,Soft ON
DC-10072,AED-3200,83,治具,AED-3200
DC-10073,AED-3200,41,AED,AED-3200
DC-10074,AED-3200,42,AED,AED-3200
DC-10126,TRN-3200,42,AED,TRN-3200
DC-10127,TRN-3200,43,AED,TRN-3200
DC-10128,TRN-3200,44,AED,TRN-3200
DC-10129,TRN-3200,45,AED,TRN-3200
DC-10130,TRN-3200,46,AED,TRN-3200
DC-10131,TRN-3200,47,AED,TRN-3200
DC-10132,TRN-3200,48,AED,TRN-3200
なし,KD-107D,1,AED,KD-107D
DC-10304,QP-551V,13903,検査機器,QP-551V
DC-10305,QP-551V,13904,AED,QP-551V
なし,HAMILTON-C6,13037,AED,HAMILTON-C6
なし,HAMILTON-T1/W,31500,人工呼吸器,HAMILTON-T1/W
なし,Y086,なし,人工呼吸器,Y086
DC-10316,NKV-550-UNV,436,検査機器,NKV-550-UNV
seirei1,ICE-ZS3,37572C619A,人工呼吸器,ICE-ZS3
seirei1,ICE-CIM,17755795,WJ循環器AF,ICE-CIM
seirei1,ICE-TTE,14556P4X119G,WJ循環器AF,ICE-TTE
toubu1,VWM-ICE-01,NW4-3C000212,WJ循環器AF,VWM-ICE
toubu1,ICE-CIM,20179711,WJ循環器AF,ICE-CIM
toubu1,L9-3S,NT5L3C032888,WJ循環器AF,L9-3S
toubu1,SP5-1S,NT5J3A106794,WJ循環器AF,SP5-1S
なし,ESI-ENSITEX,19199110,WJ循環器AF,ESI-ENSITEX
なし,ESI-ENSITEX,19224332,WJ循環器AF,ESI-ENSITEX
なし,ESI-ENSITEX,19397852,WJ循環器AF,ESI-ENSITEX
なし,ESI-ENSITEX,19442420,WJ循環器AF,ESI-ENSITEX
なし,ESI-ENSITEX,19913302,WJ循環器AF,ESI-ENSITEX
なし,3077,1509265,WJ循環器AF,3077
なし,3085,1507201,WJ循環器CRM,3085
なし,89013,19935153,WJ循環器CRM,89013
DC-10339,MR850,250318043830,WJ循環器AF,MR850
なし,P310C,5366,人工呼吸器,P310C
DC-10330,Mobile Precision3591,2XFMZB4,モニタ,Mobile Precision3591
DC-10380,WEP-1200-Z03,1482,システム,WEP-1200-Z03
DC-10413,ECG-3150,1585,モニタ,ECG-3150
DC-10414,ECG-3150,1586,検査機器,ECG-3150
DC-10351,HBP-8000,GC000843AF,検査機器,HBP-8000
DC-10362,HBP-8000用PC＆プリンタ,DEMO-41,WJ検査機器,HBP-8000用PC＆プリンタ
なし,ND-896V,00388,WJ検査機器,ND-896V
TB-0764,ECG-3150,00956,治療器救急関連機器,ECG-3150
TB-0767,ECG-3250,00504,検査機器,ECG-3250
DC-10455,NKV-330,1996,検査機器,NKV-330
DC-10456,NKV-330,1997,人工呼吸器,NKV-330
DC-10464,ECG-3250,2240,人工呼吸器,ECG-3250
DC-10477,AED-3151-01,23885,検査機器,AED-3151
DC-10497,SVM-7260-R,1514,AED,SVM-7260-R
DC-10502,WEC-7201,27228,モニタ,WEC-7201
DC-10503,WEC-7301,21366,検査機器,WEC-7301
DC-10606,NKV-440-OM,12,検査機器,NKV-440-OM
DC-10515,AE-120A,673,人工呼吸器,AE-120A
DC-10540,OTX-TUP-C035J,437,検査機器,OTX-TUP-C035J
DC-10552,ECG-3350,2699,検査機器,ECG-3350
DC-10553,ECG-3350,2700,検査機器,ECG-3350
DC-10554,ECG-3350,2701,検査機器,ECG-3350
DC-10559,EMS-1052,2972,検査機器,EMS-1052
DC-10567,DC-960B(MEB-9600),737,治療器救急関連機器,DC-960B
DC-10569,WEP-1450-Z06,2459,検査機器,WEP-1450-Z06
DC-10570,WEP-1450-Z06,2460,モニタ,WEP-1450-Z06
DC-10571,WEP-1450-Z06,2461,モニタ,WEP-1450-Z06
DC-10572,WEP-1450-Z06,2477,モニタ,WEP-1450-Z06
DC-10690,PVM-4763-Q20,21563,モニタ,PVM-4763-Q20
DC-10691,PVM-4763-Q20,21564,モニタ,PVM-4763-Q20
DC-10692,PVM-4763-Q20,21565,モニタ,PVM-4763-Q20
DC-10693,PVM-4763-Q20,21566,モニタ,PVM-4763-Q20
DC-10694,PVM-4763-Q20,21567,モニタ,PVM-4763-Q20
DC-10695,PVM-4763-Q20,21568,モニタ,PVM-4763-Q20
DC-10696,PVM-4763-Q20,21569,モニタ,PVM-4763-Q20
DC-10633,TRN-3100,9785,モニタ,TRN-3100
DC-10634,TRN-3100,9786,AED,TRN-3100
DC-10635,TRN-3100,9787,AED,TRN-3100
DC-10660,TRN-3150,6951,AED,TRN-3150
DC-10661,TRN-3150,6952,AED,TRN-3150
DC-10733,DC-200B(MEE-2000),759,AED,DC-200B
DC-10766,CU-152R(CSM-1502),6654,検査機器,CU-152R
DC-10785,CU-172R(CSM-1702),4946,モニタ,CU-172R
DC-10786,CU-172R(CSM-1702),4947,モニタ,CU-172R
DC-10798,AF-201P,4453,モニタ,AF-201P
DC-10799,AF-201P,4454,検査機器,AF-201P
DC-10800,AF-201P,4455,検査機器,AF-201P
DC-10844,CNS-2101,2813,検査機器,CNS-2101
DC-10845,CNS-2101,2814,モニタ,CNS-2101
DC-10846,CNS-2101,2815,モニタ,CNS-2101
DC-10717,UBM-4000,25EM1110,モニタ,UBM-4000
DC-10833,NKV-440-OM,20,WJ検査機器,NKV-440-OM
DC-10896,MEK-1303,3744,人工呼吸器,MEK-1303
DC-10897,MEK-1303,3745,検体,MEK-1303
DC-10898,MEK-1303,3746,検体,MEK-1303
DC-10899,MEK-1303,3747,検体,MEK-1303
DC-10900,MEK-1303,3748,検体,MEK-1303
DC-10901,MEK-1303,3749,検体,MEK-1303
DC-10902,MEK-1303,3750,検体,MEK-1303
DC-10903,MEK-1303,3751,検体,MEK-1303
DC-10904,MEK-1303,3752,検体,MEK-1303
DC-10905,MEK-1303,3753,検体,MEK-1303
DC-10906,MEK-1303,3754,検体,MEK-1303
DC-10907,MEK-1303,3755,検体,MEK-1303
DC-10996,ZS-730P,771,検体,ZS-730P
DC-10997,ZS-730P,772,モニタ,ZS-730P
DC-10998,ZS-730P,773,モニタ,ZS-730P
DC-10999,ZS-730P,774,モニタ,ZS-730P
DC-11000,ZS-730P,775,モニタ,ZS-730P
